datetime,Spd_150m,Spd_120m,Spd_100m,Spd_80m,Spd_50m,Spd_30m,Spd_10m,alpha_150m_vs_120m,alpha_120m_vs_100m,alpha_100m_vs_80m,alpha_80m_vs_50m,alpha_50m_vs_30m,alpha_30m_vs_10m
2026-07-07 00:00:00,9.428,8.964,8.77,8.388,7.654,6.42,4.393,0.226166,0.120006,0.199579,0.194836,0.344169,0.34535
2026-07-07 00:10:00,9.272,8.733,8.427,8.014,7.479,6.661,4.8,0.268393,0.195633,0.225195,0.147001,0.22675,0.298243
2026-07-07 00:20:00,9.127500000000001,8.513,8.192,7.591,7.064,6.246,4.094,0.312343,0.210816,0.341461,0.153088,0.240924,0.384502
2026-07-07 00:30:00,9.022,8.201,7.78,7.197,6.433,5.58,3.552,0.427572,0.289048,0.349067,0.238771,0.278475,0.411135
2026-07-07 00:40:00,9.4705,8.659,8.124,7.397,6.292,5.051,2.817,0.401457,0.349803,0.420125,0.344243,0.430074,0.531501
2026-07-07 00:50:00,9.680499999999999,9.025,8.547,7.883,6.904,5.499,2.929,0.314215,0.298474,0.362421,0.282142,0.445425,0.573364
2026-07-07 01:00:00,9.1085,8.447,8.155,7.684,6.784,5.546,2.822,0.337884,0.192956,0.266604,0.265048,0.39444,0.614986
2026-07-07 01:10:00,9.1385,8.596,8.092,7.5,6.618,5.338,3.199,0.27426,0.331398,0.340466,0.266189,0.420774,0.466054
2026-07-07 01:20:00,8.587,7.891,7.531,7.041,6.298,5.233,2.856,0.378799,0.256114,0.301499,0.237271,0.362643,0.551207
2026-07-07 01:30:00,8.4145,7.749,7.518,7.237,6.493,5.657,3.665,0.369236,0.165991,0.170712,0.230811,0.26982,0.395103
2026-07-07 01:40:00,8.6995,7.937,7.662,7.141,6.537,5.616,3.3,0.411081,0.193407,0.315583,0.188029,0.297281,0.483972
2026-07-07 01:50:00,9.038499999999999,8.361,8.004,7.535,6.876,5.781,3.548,0.349171,0.239339,0.2706,0.194726,0.339569,0.444372
2026-07-07 02:00:00,8.8545,8.212,7.883,7.341,6.579,5.417,3.192,0.337582,0.224263,0.319227,0.233173,0.380444,0.48142
2026-07-07 02:10:00,8.381,7.72,7.461,6.946,6.411,5.545,2.897,0.368162,0.187169,0.320527,0.170532,0.284086,0.590946
2026-07-07 02:20:00,8.9115,8.302,7.952,7.285,6.614,5.537,2.959,0.317491,0.236247,0.392599,0.205592,0.347938,0.570357
2026-07-07 02:30:00,9.5425,8.808,8.595,8.078,7.45,6.46,3.942,0.35894,0.134267,0.278011,0.172191,0.279126,0.449605
2026-07-07 02:40:00,10.465,9.653,9.27,8.628,7.7,6.537,4.188,0.361954,0.222055,0.321634,0.24211,0.320544,0.405289
2026-07-07 02:50:00,11.621500000000001,11.19,10.953,10.316,9.263,7.844,4.987,0.16956,0.117414,0.268515,0.229079,0.32551,0.41226
2026-07-07 03:00:00,10.6135,9.994,9.743,9.159,8.29,7.041,4.729,0.269521,0.139511,0.277006,0.212098,0.319678,0.362308
2026-07-07 03:10:00,9.978,9.256,8.899,8.31,7.383,6.037,3.64,0.336603,0.215735,0.306885,0.251657,0.394015,0.460511
2026-07-07 03:20:00,10.8615,10.138,9.761,9.138,8.188,6.732,4.117,0.308921,0.207852,0.295564,0.233555,0.383296,0.447608
2026-07-07 03:30:00,10.1675,9.378,9.312,8.883,8.291,7.077,4.443,0.362232,0.038737,0.211364,0.146741,0.309931,0.423735
2026-07-07 03:40:00,10.565999999999999,9.96,9.633,8.956,7.733,6.369,4.186,0.264692,0.183096,0.326566,0.312395,0.379884,0.382025
2026-07-07 03:50:00,10.335,9.809,9.508,8.836,8.097,6.749,4.311,0.234091,0.170944,0.328485,0.18583,0.35648,0.407991
2026-07-07 04:00:00,10.779,10.284,10.008,9.383,8.665,7.373,4.989,0.210674,0.149212,0.288985,0.169377,0.316091,0.35553
2026-07-07 04:10:00,10.769,9.798,9.478,8.883,8.17,7.034,4.666,0.423464,0.182123,0.290548,0.178021,0.293081,0.373611
2026-07-07 04:20:00,11.553,10.563,10.185,9.573,8.68,7.483,5.243,0.401481,0.199874,0.277711,0.20835,0.290486,0.323808
2026-07-07 04:30:00,12.485499999999998,11.717,11.396,10.668,9.553,7.944,5.564,0.284692,0.152359,0.295836,0.234878,0.361059,0.324136
2026-07-07 04:40:00,12.9505,11.939,11.496,10.793,9.553,8.101,5.578,0.364447,0.207387,0.282784,0.259663,0.322748,0.339662
2026-07-07 04:50:00,13.685500000000001,12.832,12.363,11.431,10.013,8.328,5.417,0.28858,0.204221,0.35125,0.281795,0.360712,0.391477
2026-07-07 05:00:00,12.712,11.907,11.461,10.587,9.319,7.945,5.422,0.293174,0.209391,0.35548,0.271427,0.312264,0.347782
2026-07-07 05:10:00,12.6985,11.97,11.656,11.017,9.857,8.182,5.924,0.264764,0.1458,0.252669,0.236717,0.364597,0.293939
2026-07-07 05:20:00,13.5045,12.591,12.074,11.255,9.936,8.369,6.241,0.313882,0.229967,0.314783,0.265206,0.335986,0.267059
2026-07-07 05:30:00,14.52,13.671,13.244,12.305,11.229,9.731,6.851,0.270006,0.174045,0.329559,0.194692,0.280297,0.319423
2026-07-07 05:40:00,13.993500000000001,13.256,12.904,12.136,10.731,8.692,5.94,0.242636,0.147612,0.274985,0.261784,0.412535,0.346523
2026-07-07 05:50:00,12.818,11.943,11.62,11.037,10.023,8.855,6.134,0.316859,0.15038,0.230679,0.205043,0.242549,0.334181
2026-07-07 06:00:00,10.8765,10.332,10.124,9.698,8.748,7.179,4.664,0.23016,0.111545,0.192653,0.219348,0.386952,0.392574
2026-07-07 06:10:00,10.2695,9.679,9.487,9.091,8.21,6.914,4.57,0.265389,0.109895,0.191077,0.216875,0.336327,0.376871
2026-07-07 06:20:00,12.193999999999999,11.49,11.146,10.552,9.611,8.203,5.563,0.266496,0.166719,0.245426,0.198737,0.310103,0.353503
2026-07-07 06:30:00,12.686,12.144,11.914,11.466,10.443,8.978,6.197,0.195676,0.104875,0.171764,0.198837,0.295903,0.337436
2026-07-07 06:40:00,12.725,12.087,11.83,11.346,10.036,8.48,5.853,0.230516,0.117879,0.187204,0.261033,0.329796,0.337477
2026-07-07 06:50:00,13.95,13.521,13.386,12.903,11.911,10.174,7.119,0.139979,0.055038,0.16469,0.170206,0.308573,0.325017
2026-07-07 07:00:00,15.875,15.301,15.117,14.572,13.688,11.477,8.235,0.165039,0.066357,0.164549,0.133153,0.344882,0.302155
2026-07-07 07:10:00,14.8125,14.299,13.977,13.233,12.222,10.51,7.029,0.158113,0.124925,0.245131,0.169097,0.295425,0.366174
2026-07-07 07:20:00,13.402000000000001,12.723,12.477,11.881,10.749,9.209,6.573,0.233001,0.107088,0.21935,0.213036,0.302709,0.306943
2026-07-07 07:30:00,12.688,12.306,12.223,11.538,10.44,8.826,6.345,0.136996,0.037119,0.258459,0.212767,0.328767,0.300411
2026-07-07 07:40:00,12.4455,11.967,11.778,11.136,9.898,8.38,5.95,0.1757,0.087315,0.251185,0.250744,0.325913,0.311718
2026-07-07 07:50:00,13.209499999999998,13.002,12.922,12.416,11.037,9.294,6.518,0.070955,0.033852,0.179012,0.250493,0.336483,0.322954
2026-07-07 08:00:00,12.754999999999999,12.444,12.34,11.74,10.623,9.13,6.235,0.110623,0.046032,0.223373,0.212723,0.296492,0.347154
2026-07-07 08:10:00,11.834,11.348,11.228,10.732,9.733,8.135,5.677,0.187929,0.058308,0.202474,0.207887,0.351091,0.327461
2026-07-07 08:20:00,11.030999999999999,10.68,10.449,9.789,8.566,7.145,4.859,0.144914,0.119934,0.292399,0.283952,0.355088,0.35097
2026-07-07 08:30:00,11.734,11.729,11.776,11.544,10.664,8.757,5.768,0.00191,-0.021935,0.08917,0.168706,0.38569,0.38005
2026-07-07 08:40:00,11.937999999999999,11.963,12.209,12.018,11.517,9.52,6.532,-0.009375,-0.111642,0.070662,0.090598,0.372787,0.34287
2026-07-07 08:50:00,12.1845,12.039,12.159,11.651,10.526,9.002,6.515,0.053837,-0.0544,0.191256,0.216049,0.306174,0.294316
2026-07-07 09:00:00,12.410499999999999,12.181,12.216,11.876,11.012,9.221,6.176,0.083648,-0.015737,0.126497,0.160709,0.347481,0.364835
2026-07-07 09:10:00,12.875499999999999,12.549,12.468,11.975,11.305,9.744,6.775,0.115107,0.035518,0.180799,0.122501,0.290889,0.330792
2026-07-07 09:20:00,13.534,13.398,13.414,12.951,12.082,10.206,7.108,0.045261,-0.006546,0.157414,0.147778,0.33033,0.329283
2026-07-07 09:30:00,12.892,12.784,12.764,12.336,11.436,9.768,6.887,0.0377,0.008587,0.152847,0.161181,0.308627,0.318107
2026-07-07 09:40:00,13.274000000000001,13.261,13.39,12.951,11.926,9.902,6.776,0.004391,-0.053097,0.149389,0.175429,0.364085,0.345299
2026-07-07 09:50:00,13.7015,13.56,13.562,13.031,11.912,10.299,7.273,0.046522,-0.000809,0.178991,0.19103,0.284832,0.316652
2026-07-07 10:00:00,12.932,12.639,12.502,11.974,10.944,9.337,6.674,0.102703,0.059777,0.193378,0.191374,0.310882,0.305627
2026-07-07 10:10:00,12.061,11.877,11.885,11.239,10.036,8.793,6.135,0.068894,-0.003693,0.250454,0.240873,0.258841,0.327637
2026-07-07 10:20:00,11.852,11.806,11.905,11.594,10.789,9.012,6.311,0.017427,-0.045802,0.118627,0.153107,0.352312,0.324284
2026-07-07 10:30:00,12.6905,12.602,12.678,12.211,11.552,9.65,6.641,0.031362,-0.032978,0.168192,0.118039,0.352176,0.340152
2026-07-07 10:40:00,12.5055,12.359,12.351,11.863,11.055,9.385,6.781,0.052809,0.003551,0.180658,0.150087,0.320599,0.295817
2026-07-07 10:50:00,13.3305,13.309,13.371,13.037,12.344,10.699,7.487,0.007234,-0.025492,0.113365,0.116215,0.279978,0.324939
2026-07-07 11:00:00,13.129,13.001,13.045,12.593,11.699,9.86,6.46,0.043906,-0.018531,0.158032,0.156675,0.334786,0.384901
2026-07-07 11:10:00,13.406500000000001,13.352,13.468,13.149,12.46,10.811,7.373,0.018255,-0.047445,0.107423,0.114514,0.277902,0.348384
2026-07-07 11:20:00,13.3155,13.237,13.382,13.083,12.813,11.23,7.55,0.026498,-0.059755,0.101266,0.044369,0.258154,0.361402
2026-07-07 11:30:00,13.814,13.402,13.279,12.623,11.438,9.682,6.922,0.135691,0.050571,0.227044,0.209742,0.326281,0.305443
2026-07-07 11:40:00,12.8745,12.548,12.505,12.122,11.607,9.896,6.889,0.115116,0.018828,0.139402,0.092369,0.312196,0.329693
2026-07-07 11:50:00,13.1115,12.893,12.87,12.523,11.732,9.999,6.929,0.075311,0.009793,0.122486,0.138822,0.312896,0.333848
2026-07-07 12:00:00,14.303999999999998,13.89,13.649,13.083,11.809,9.844,7.109,0.13162,0.096,0.1898,0.217981,0.356286,0.296283
2026-07-07 12:10:00,13.5265,13.271,13.382,12.956,11.945,10.137,6.791,0.085459,-0.045685,0.144981,0.172863,0.321285,0.364636
2026-07-07 12:20:00,13.894,13.428,13.187,12.375,11.165,9.562,6.825,0.152884,0.099333,0.284809,0.218923,0.303405,0.306937
2026-07-07 12:30:00,14.646999999999998,14.405,14.513,14.222,13.469,11.698,7.926,0.074661,-0.040968,0.09077,0.115742,0.275971,0.354328
2026-07-07 12:40:00,15.32,15.11,15.16,14.605,13.626,11.769,7.804,0.061854,-0.01812,0.167141,0.147625,0.286812,0.373956
2026-07-07 12:50:00,15.404,14.929,14.656,14.048,12.834,11.087,7.657,0.140365,0.101227,0.189877,0.192301,0.286447,0.336928
2026-07-07 13:00:00,15.9985,15.323,14.967,14.253,13.458,11.572,7.977,0.193328,0.128933,0.219053,0.122113,0.295571,0.338633
2026-07-07 13:10:00,15.69,15.157,14.93,14.158,12.747,10.816,7.479,0.154883,0.082765,0.237931,0.223368,0.321576,0.335812
2026-07-07 13:20:00,14.8795,14.367,14.098,13.574,12.558,10.978,7.628,0.157076,0.103668,0.169742,0.165527,0.26323,0.331389
2026-07-07 13:30:00,15.141,14.91,14.898,14.483,13.497,11.31,7.57,0.068898,0.004416,0.126607,0.150016,0.346068,0.365456
2026-07-07 13:40:00,15.769,15.477,15.427,14.86,13.91,12.072,8.463,0.083762,0.017748,0.167812,0.140563,0.277432,0.323303
2026-07-07 13:50:00,14.654499999999999,14.446,14.482,14.14,13.281,11.625,8.077,0.064218,-0.013651,0.107101,0.133346,0.260708,0.331452
2026-07-07 14:00:00,14.7355,14.642,14.63,14.05,13.268,11.535,8.035,0.028526,0.004497,0.181282,0.121844,0.274006,0.329123
2026-07-07 14:10:00,13.823,13.666,13.724,13.394,12.69,10.723,7.416,0.051191,-0.023229,0.109075,0.114877,0.329708,0.335652
2026-07-07 14:20:00,13.874,13.579,13.635,13.194,12.268,10.299,6.88,0.096315,-0.022573,0.147339,0.154824,0.34248,0.367216
2026-07-07 14:30:00,14.304,14.212,14.227,13.874,12.672,10.611,7.414,0.028917,-0.005786,0.112596,0.192811,0.347484,0.32634
2026-07-07 14:40:00,15.1965,15.085,15.114,14.83,14.145,12.205,8.2,0.033002,-0.010534,0.085009,0.100618,0.288779,0.362013
2026-07-07 14:50:00,14.943999999999999,14.867,14.959,14.517,13.299,11.464,7.971,0.023151,-0.033837,0.13441,0.186449,0.290661,0.330783
2026-07-07 15:00:00,14.034500000000001,13.888,13.925,13.618,12.844,11.004,7.59,0.047025,-0.014593,0.099906,0.1245,0.302682,0.338088
2026-07-07 15:10:00,14.6025,14.255,14.232,13.755,12.777,10.687,7.415,0.107935,0.008857,0.152774,0.156926,0.349667,0.332713
2026-07-07 15:20:00,13.8975,13.389,13.225,12.636,11.719,10.301,6.863,0.167047,0.067598,0.204169,0.160293,0.252475,0.369645
2026-07-07 15:30:00,14.2005,13.681,13.522,13.023,12.391,10.471,7.365,0.167019,0.064118,0.168506,0.105843,0.329586,0.320286
2026-07-07 15:40:00,14.124500000000001,13.876,13.876,13.403,12.492,10.668,7.238,0.079546,0.0,0.155425,0.149765,0.30899,0.353085
2026-07-07 15:50:00,14.753,14.315,14.234,13.743,12.879,11.237,7.592,0.135063,0.031123,0.157315,0.138151,0.266992,0.35692
2026-07-07 16:00:00,14.625,14.172,14.014,13.524,12.696,10.794,7.292,0.141004,0.061492,0.159498,0.134422,0.317714,0.357007
2026-07-07 16:10:00,15.517,14.982,14.743,14.058,12.91,10.974,7.358,0.157238,0.088202,0.213211,0.181253,0.31806,0.36386
2026-07-07 16:20:00,14.916,14.433,14.237,13.627,12.717,10.804,7.372,0.147516,0.074994,0.196246,0.147049,0.319137,0.347918
2026-07-07 16:30:00,14.7765,14.166,14.056,13.583,12.624,10.596,6.963,0.189086,0.042756,0.153401,0.155784,0.342824,0.382179
2026-07-07 16:40:00,14.204999999999998,13.71,13.55,12.94,12.155,10.564,7.23,0.158949,0.064386,0.206429,0.133154,0.274631,0.345175
2026-07-07 16:50:00,14.461500000000001,13.953,13.733,13.003,11.685,9.931,7.017,0.160414,0.087169,0.244782,0.22739,0.318396,0.316149
2026-07-07 17:00:00,14.236,13.632,13.623,13.068,11.949,10.115,7.176,0.194287,0.003622,0.186396,0.190464,0.326194,0.312465
2026-07-07 17:10:00,13.831,13.178,12.989,12.366,11.383,9.861,7.029,0.216738,0.079233,0.220271,0.176232,0.280983,0.308155
2026-07-07 17:20:00,13.615,13.126,13.0,12.478,11.585,9.725,6.676,0.163917,0.052905,0.183659,0.15799,0.342605,0.342415
2026-07-07 17:30:00,14.8875,14.246,14.003,13.373,12.42,10.673,7.467,0.197388,0.094364,0.206297,0.157296,0.296757,0.325159
2026-07-07 17:40:00,13.7535,13.361,13.152,12.486,11.593,10.318,7.051,0.129752,0.086475,0.232881,0.157885,0.228085,0.346547
2026-07-07 17:50:00,13.224,12.944,12.771,12.29,11.287,9.591,6.754,0.095907,0.0738,0.172046,0.181135,0.318752,0.319212
2026-07-07 18:00:00,12.155999999999999,11.677,11.581,11.115,10.368,8.889,6.007,0.180161,0.045279,0.184053,0.148023,0.301296,0.356713
2026-07-07 18:10:00,12.9035,12.377,12.199,11.679,10.594,8.958,6.262,0.18669,0.079453,0.195218,0.207455,0.328372,0.325909
2026-07-07 18:20:00,11.43,10.972,10.688,10.172,9.273,7.958,5.414,0.183267,0.143839,0.221753,0.196875,0.299377,0.350615
2026-07-07 18:30:00,10.294,9.847,9.654,9.248,8.417,7.29,4.959,0.19895,0.108569,0.192544,0.200326,0.281407,0.350715
2026-07-07 18:40:00,10.809999999999999,10.179,9.746,9.188,8.19,7.125,5.002,0.269534,0.238424,0.264219,0.244646,0.272704,0.322017
2026-07-07 18:50:00,12.000499999999999,11.485,11.358,10.801,9.912,8.479,5.692,0.196763,0.060988,0.225342,0.182749,0.305689,0.362758
2026-07-07 19:00:00,10.7485,10.122,9.825,9.389,8.643,7.388,5.434,0.269131,0.163344,0.203418,0.176146,0.307135,0.279609
2026-07-07 19:10:00,10.0525,9.531,9.381,9.052,8.371,7.116,5.148,0.238733,0.087007,0.15999,0.166408,0.317971,0.294679
2026-07-07 19:20:00,10.0655,9.488,9.3,8.991,8.506,7.289,4.892,0.264789,0.10977,0.151429,0.117983,0.302266,0.362972
2026-07-07 19:30:00,8.588999999999999,7.903,7.557,7.301,6.875,6.091,4.498,0.373033,0.245545,0.154443,0.127913,0.237027,0.275966
2026-07-07 19:40:00,8.8995,8.155,7.715,7.389,6.96,5.943,4.221,0.391514,0.304214,0.193481,0.127261,0.309236,0.311431
2026-07-07 19:50:00,10.4455,9.826,9.53,8.975,7.968,6.622,4.424,0.273991,0.167765,0.268893,0.25321,0.362229,0.367148
2026-07-07 20:00:00,10.405,9.855,9.564,9.16,8.311,6.865,4.292,0.243375,0.164396,0.193418,0.206948,0.374186,0.427524
2026-07-07 20:10:00,10.293500000000002,9.579,9.295,8.92,8.234,7.079,4.729,0.322391,0.165074,0.184548,0.170263,0.295873,0.367208
2026-07-07 20:20:00,9.989999999999998,9.252,8.876,8.427,7.592,6.53,4.255,0.343926,0.227558,0.232631,0.222011,0.294989,0.389867
2026-07-07 20:30:00,10.626000000000001,10.144,9.843,9.343,8.304,6.576,4.476,0.208034,0.165213,0.233631,0.250828,0.456733,0.350166
2026-07-07 20:40:00,10.7085,10.12,9.886,9.431,8.382,6.803,4.323,0.253308,0.128312,0.211153,0.250882,0.408599,0.412715
2026-07-07 20:50:00,10.4845,9.796,9.537,9.049,7.791,6.126,3.882,0.304395,0.146967,0.235385,0.318476,0.470664,0.415243
2026-07-07 21:00:00,10.096499999999999,9.342,8.944,8.459,7.603,6.034,3.553,0.348065,0.238795,0.249848,0.226994,0.452469,0.482079
2026-07-07 21:10:00,9.23,8.437,8.05,7.389,6.237,4.742,2.366,0.402576,0.257538,0.383967,0.360621,0.536465,0.632851
2026-07-07 21:20:00,9.087499999999999,8.125,7.685,7.055,5.92,4.979,2.543,0.501713,0.305369,0.383313,0.373189,0.338878,0.611576
2026-07-07 21:30:00,9.089500000000001,8.384,7.895,7.295,6.15,4.738,2.527,0.362075,0.329613,0.354214,0.363268,0.510618,0.57216
2026-07-07 21:40:00,8.8495,8.349,8.106,7.591,6.593,4.999,3.152,0.260905,0.162006,0.294166,0.299902,0.54181,0.419803
2026-07-07 21:50:00,8.8555,8.394,8.13,7.772,6.987,5.714,3.419,0.239853,0.175274,0.201814,0.226543,0.393739,0.467473
2026-07-07 22:00:00,9.428,8.914,8.569,8.021,6.96,5.674,3.635,0.251232,0.216497,0.296168,0.301878,0.399912,0.405316
2026-07-07 22:10:00,9.355,8.822,8.49,7.876,6.608,5.267,3.007,0.262891,0.210395,0.336415,0.373485,0.444026,0.510206
2026-07-07 22:20:00,8.532,8.078,7.86,7.351,6.443,5.429,3.638,0.245042,0.150052,0.300032,0.280513,0.335221,0.364388
2026-07-07 22:30:00,9.018,8.296,7.84,7.314,6.541,5.383,3.445,0.373971,0.310082,0.311228,0.237658,0.38143,0.40626
2026-07-07 22:40:00,8.738,8.158,7.866,7.465,6.8,5.877,4.068,0.307794,0.199918,0.234487,0.198515,0.285569,0.334872
2026-07-07 22:50:00,8.914,8.227,7.907,7.515,6.816,5.838,3.381,0.359417,0.217599,0.227869,0.207718,0.303204,0.497188
2026-07-07 23:00:00,9.17,8.532,8.075,7.618,7.138,6.154,4.522,0.323171,0.301944,0.261083,0.13847,0.290374,0.280488
2026-07-07 23:10:00,8.9375,8.422,8.01,7.615,6.931,6.042,4.137,0.266235,0.275099,0.226629,0.200245,0.26872,0.344766
2026-07-07 23:20:00,8.783999999999999,8.203,7.985,7.783,7.454,6.53,4.132,0.306672,0.147734,0.114827,0.091895,0.259078,0.416567
2026-07-07 23:30:00,9.395,8.727,8.312,7.874,7.189,6.037,3.727,0.330531,0.267228,0.242597,0.193646,0.341887,0.439012
2026-07-07 23:40:00,9.7575,9.403,9.221,8.872,8.282,6.835,4.707,0.165846,0.107202,0.172908,0.146415,0.375917,0.339524
2026-07-07 23:50:00,10.859,10.437,10.164,9.862,9.117,7.989,5.651,0.17763,0.145376,0.135173,0.167123,0.258552,0.315155
